id,Calle 1,Calle 2,Referencia,Colonia,Delegacion,longitude,latitude,Calles
1,Ro Balsas,Ro Sena,,Cuauhtmoc,Cuauhtmoc,-99.16848,19.43293,Ro Balsas-Ro Sena
2,Ro Guadalquivir,Ro Balsas,,Cuauhtmoc,Cuauhtmoc,-99.17151,19.43159,Ro Guadalquivir-Ro Balsas
3,Paseo de la Reforma,Avenida Insurgentes,,Tabacalera,Cuauhtmoc,-99.15875,19.43166,Paseo de la Reforma-Avenida Insurgentes
4,Ro Nilo,Ro Panuco,,Cuauhtmoc,Cuauhtmoc,-99.17169,19.42849,Ro Nilo-Ro Panuco
5,Ro Panuco,Ro Tiber,,Cuauhtmoc,Cuauhtmoc,-99.16945,19.4298,Ro Panuco-Ro Tiber
6,Ro Panuco,Ro Sena,,Cuauhtmoc,Cuauhtmoc,-99.16699,19.43096,Ro Panuco-Ro Sena
7,Ro Elba,Ro Lerma,,Cuauhtmoc,Cuauhtmoc,-99.17515,19.42536,Ro Elba-Ro Lerma
8,Paseo de la Reforma,General Prim,,Tabacalera,Cuauhtmoc,-99.15815,19.43126,Paseo de la Reforma-General Prim
9,Ro Guadalquivir,Ro Lerma,,Cuauhtmoc,Cuauhtmoc,-99.17001,19.42818,Ro Guadalquivir-Ro Lerma
10,Paseo de la Reforma,Ramrez,,Tabacalera,Cuauhtmoc,-99.15514,19.43343,Paseo de la Reforma-Ramrez
11,Ro Amazonas,Ro Lerma,,Cuauhtmoc,Cuauhtmoc,-99.16355,19.43119,Ro Amazonas-Ro Lerma
12,Ro Lerma,Villalongn,,Cuauhtmoc,Cuauhtmoc,-99.16169,19.43222,Ro Lerma-Villalongn
13,Paseo de la Reforma,Ro Rodano,,Cuauhtmoc,Cuauhtmoc,-99.17522,19.42362,Paseo de la Reforma-Ro Rodano
14,Paseo de la Reforma,Ro de la Plata,,Cuauhtmoc,Cuauhtmoc,-99.17325,19.42454,Paseo de la Reforma-Ro de la Plata
15,Paseo de la Reforma,Ro Misisipi,,Cuauhtmoc,Cuauhtmoc,-99.17141,19.4256,Paseo de la Reforma-Ro Misisipi
16,Paseo de la Reforma,Ro Guadalquivir,,Cuauhtmoc,Cuauhtmoc,-99.16923,19.42646,Paseo de la Reforma-Ro Guadalquivir
17,Paseo de la Reforma,Ro Tiber,,Cuauhtmoc,Cuauhtmoc,-99.1674,19.42755,Paseo de la Reforma-Ro Tiber
18,Paseo de la Reforma,Ro Sena,,Cuauhtmoc,Cuauhtmoc,-99.16525,19.42832,Paseo de la Reforma-Ro Sena
19,Paseo de la Reforma,Ro Neva,,Cuauhtmoc,Cuauhtmoc,-99.1616,19.43007,Paseo de la Reforma-Ro Neva
20,Paseo de la Reforma,Ro Tamesis,,Cuauhtmoc,Cuauhtmoc,-99.16015,19.43091,Paseo de la Reforma-Ro Tamesis
21,Paseo de la Reforma,Lieja,,Jurez,Cuauhtmoc,-99.17503,19.42336,Paseo de la Reforma-Lieja
22,Paseo de la Reforma,Manchester,,Jurez,Cuauhtmoc,-99.17221,19.42468,Paseo de la Reforma-Manchester
23,Paseo de la Reforma,Praga,,Jurez,Cuauhtmoc,-99.17049,19.42545,Paseo de la Reforma-Praga
24,Paseo de la Reforma,Varsovia,,Jurez,Cuauhtmoc,-99.16906,19.4261,Paseo de la Reforma-Varsovia
25,Paseo de la Reforma,Estocolmo,,Jurez,Cuauhtmoc,-99.16684,19.42719,Paseo de la Reforma-Estocolmo
26,Paseo de la Reforma,Versalles,,Jurez,Cuauhtmoc,-99.155,19.4326,Paseo de la Reforma-Versalles
27,Paseo de la Reforma,Havre,,Jurez,Cuauhtmoc,-99.1627,19.42916,Paseo de la Reforma-Havre
28,Toledo,Tokio,,Jurez,Cuauhtmoc,-99.17257,19.42366,Toledo-Tokio
29,Reforma,Bucareli,,Centro,Cuauhtmoc,-99.1503,19.43494,Reforma-Bucareli
30,Hamburgo,Genova,,Jurez,Cuauhtmoc,-99.16426,19.42638,Hamburgo-Genova
31,Hamburgo,Insurgentes,,Jurez,Cuauhtmoc,-99.16125,19.42794,Hamburgo-Insurgentes
32,Londres,Sevilla,,Jurez,Cuauhtmoc,-99.1697,19.42285,Londres-Sevilla
33,Londres,Florencia,,Jurez,Cuauhtmoc,-99.1665,19.42419,Londres-Florencia
34,Liverpool,Genova,,Jurez,Cuauhtmoc,-99.16369,19.42458,Liverpool-Genova
35,Liverpool,Genova,,Jurez,Cuauhtmoc,-99.16352,19.42456,Liverpool-Genova
36,Puebla,Veracruz,,Roma Norte,Cuauhtmoc,-99.17588,19.41966,Puebla-Veracruz
37,Guadalajara,Puebla,,Roma Norte,Cuauhtmoc,-99.17267,19.42038,Guadalajara-Puebla
38,Cozumel,Chapultepec,,Roma Norte,Cuauhtmoc,-99.17158,19.4213,Cozumel-Chapultepec
39,Medelln,Chapultepec,,Roma Norte,Cuauhtmoc,-99.16725,19.42232,Medelln-Chapultepec
40,Oaxaca,Puebla,,Roma Norte,Cuauhtmoc,-99.16414,19.42238,Oaxaca-Puebla
41,Paseo de la Reforma,Av. de la Repblica,,Tabacalera,Cuauhtmoc,-99.15032,19.43542,Paseo de la Reforma-Av. de la Repblica
42,Sinaloa,Valladolid,,Roma Norte,Cuauhtmoc,-99.16821,19.42063,Sinaloa-Valladolid
43,Jurez,Dr. Mora,,Centro,Cuauhtmoc,-99.14591,19.43521,Jurez-Dr. Mora
44,Durango,Veracruz,,Roma Norte,Cuauhtmoc,-99.17471,19.41814,Durango-Veracruz
45,Durango,Sonora,,Roma Norte,Cuauhtmoc,-99.17194,19.41875,Durango-Sonora
46,Durango,Salamanca,,Roma Norte,Cuauhtmoc,-99.16976,19.41919,Durango-Salamanca
47,Plaza Madrid,Oaxaca,,Roma Norte,Cuauhtmoc,-99.16627,19.41971,Plaza Madrid-Oaxaca
48,Independencia,Azueta,,Centro,Cuauhtmoc,-99.14667,19.43371,Independencia-Azueta
49,Mazatln,Juan de la Barrera,,Condesa,Cuauhtmoc,-99.17562,19.41689,Mazatln-Juan de la Barrera
50,Cuernavaca,Veracruz,,Condesa,Cuauhtmoc,-99.17359,19.41689,Cuernavaca-Veracruz
51,Colima,Oaxaca,,Roma Norte,Cuauhtmoc,-99.16844,19.41803,Colima-Oaxaca
52,Hidalgo,Trujano,,Centro,Cuauhtmoc,-99.14371,19.43656,Hidalgo-Trujano
53,Fernando Montes de Oca,Tula,,Condesa,Cuauhtmoc,-99.17847,19.41469,Fernando Montes de Oca-Tula
54,Parque Espaa,Sonora,,Condesa,Cuauhtmoc,-99.1708,19.41616,Parque Espaa-Sonora
55,5 de Mayo,Bolivar,,Centro,Cuauhtmoc,-99.13807,19.43451,5 de Mayo-Bolivar
56,çlvaro Obregn,Medelln,,Roma Norte,Cuauhtmoc,-99.16561,19.4171,çlvaro Obregn-Medelln
57,Cuernavaca,Juan Escutia,,Condesa,Cuauhtmoc,-99.17477,19.41497,Cuernavaca-Juan Escutia
58,Parque Espaa,Juan de la Barrera,,Condesa,Cuauhtmoc,-99.1719,19.41536,Parque Espaa-Juan de la Barrera
59,Popocatpetl,Amsterdam,,Hipdromo,Cuauhtmoc,-99.16659,19.41524,Popocatpetl-Amsterdam
60,Mazatln,Fernando Montes de Oca,,Condesa,Cuauhtmoc,-99.17721,19.41412,Mazatln-Fernando Montes de Oca
61,Avenida Mxico,Sonora,,Hipdromo,Cuauhtmoc,-99.16943,19.41379,Avenida Mxico-Sonora
62,Fernando Montes de Oca,Amatln,,Condesa,Cuauhtmoc,-99.17523,19.41331,Fernando Montes de Oca-Amatln
63,Nuevo Len,Laredo,,Hipdromo,Cuauhtmoc,-99.17168,19.41299,Nuevo Len-Laredo
64,Sonora,Amsterdam,,Hipdromo,Cuauhtmoc,-99.16694,19.41298,Sonora-Amsterdam
65,Marconi,Tacuba,,Centro,Cuauhtmoc,-99.13981,19.43652,Marconi-Tacuba
66,Mazatln,Francisco Mrquez,,Condesa,Cuauhtmoc,-99.17848,19.41181,Mazatln-Francisco Mrquez
67,Vicente Surez,Michoacan,,Condesa,Cuauhtmoc,-99.17575,19.4117,Vicente Surez-Michoacan
68,Tamaulipas,Michoacan,,Hipdromo Condesa,Cuauhtmoc,-99.17378,19.41177,Tamaulipas-Michoacan
69,Michoacan,Amsterdam,,Hipdromo,Cuauhtmoc,-99.16814,19.4108,Michoacan-Amsterdam
70,Parque Mxico,Michoacan,,Hipdromo,Cuauhtmoc,-99.16983,19.41128,Parque Mxico-Michoacan
71,Amsterdam,Michoacan,,Hipdromo,Cuauhtmoc,-99.17127,19.41136,Amsterdam-Michoacan
72,Mazatln,Alfonso Reyes,,Hipdromo Condesa,Cuauhtmoc,-99.17957,19.40986,Mazatln-Alfonso Reyes
73,Campeche,Tamaulipas,,Hipdromo Condesa,Cuauhtmoc,-99.17554,19.41007,Campeche-Tamaulipas
74,Nuevo Len,Ozulama,,Hipdromo,Cuauhtmoc,-99.1728,19.41047,Nuevo Len-Ozulama
75,Alfonso Reyes,Atlixco,,Hipdromo Condesa,Cuauhtmoc,-99.17676,19.40868,Alfonso Reyes-Atlixco
76,Amsterdam,Chilpancingo,,Hipdromo,Cuauhtmoc,-99.17044,19.40944,Amsterdam-Chilpancingo
77,Choapan,Tamaulipas,,Hipdromo,Cuauhtmoc,-99.17827,19.40675,Choapan-Tamaulipas
78,Benjamn Hill,Tamaulipas,,Hipdromo,Cuauhtmoc,-99.17736,19.40751,Benjamn Hill-Tamaulipas
79,Saltillo,Alfonso Reyes,,Hipdromo,Cuauhtmoc,-99.17431,19.40745,Saltillo-Alfonso Reyes
80,Nuevo Len,Aguascalientes,,Hipdromo,Cuauhtmoc,-99.17213,19.40723,Nuevo Len-Aguascalientes
81,Aguascalientes,Insurgentes,,Hipdromo,Cuauhtmoc,-99.16873,19.40793,Aguascalientes-Insurgentes
82,Independencia,Marroqu,,Centro,Cuauhtmoc,-99.14404,19.43334,Independencia-Marroqu
83,Nuevo Len,Alfonso Reyes,,Hipdromo,Cuauhtmoc,-99.17216,19.40628,Nuevo Len-Alfonso Reyes
84,Chilpancingo,Tlaxcala,,Hipdromo,Cuauhtmoc,-99.16957,19.40687,Chilpancingo-Tlaxcala
85,Rosas Moreno,Sullivan,,SAN RAFAEL,Cuauhtmoc,-99.16243,19.43408,Rosas Moreno-Sullivan
86,Sullivan,Insurgentes,,SAN RAFAEL,Cuauhtmoc,-99.15924,19.43245,Sullivan-Insurgentes
87,Gante,16 de Septiembre,,Centro,Cuauhtmoc,-99.13956,19.43279,Gante-16 de Septiembre
88,2a. Cerrada de 5 de Mayo,Palma,,Centro,Cuauhtmoc,-99.13533,19.43376,2a. Cerrada de 5 de Mayo-Palma
89,Repblica de Guatemala,Monte de Piedad,,Centro,Cuauhtmoc,-99.13373,19.43496,Repblica de Guatemala-Monte de Piedad
90,Jos Mara Pino Surez,Corregidora,,Centro,Cuauhtmoc,-99.13251,19.43144,Jos Mara Pino Surez-Corregidora
91,Repblica de Cuba,Allende,Frente a numero 42,Centro,Cuauhtmoc,-99.137571,19.4374,Repblica de Cuba-Allende
92,San Ildefonso,Repblica de Argentina,A un costado de la Secretara de Seguridad Pblica,Centro,Cuauhtmoc,-99.131497,19.436531,San Ildefonso-Repblica de Argentina
93,Palma Norte,Republica de Cuba,Frente a Restaurante Barracuda,Centro,Cuauhtmoc,-99.134811,19.436741,Palma Norte-Republica de Cuba
94,Lic. Verdad,Moneda,Frente al Museo de la SHCP,Centro,Cuauhtmoc,-99.130918,19.433766,Lic. Verdad-Moneda
95,20 de Noviembre,Venustiano Carranza,Frente a el Templo San Bernardo,Centro,Cuauhtmoc,-99.133698,19.430722,20 de Noviembre-Venustiano Carranza
96,Lpez,Ayuntamiento,Frente  a accesorias de iluminacin,Centro,Cuauhtmoc,-99.14248,19.430625,Lpez-Ayuntamiento
97,Republica de Salvador,Pino Suarez,A un costado de jardinera,Centro,Cuauhtmoc,-99.132759,19.429189,Republica de Salvador-Pino Suarez
98,Emilio Dond,Av. Balderas,"A un costado del mercado de Artesanas ""Ciudadela""",Centro,Cuauhtmoc,-99.14861,19.430267,Emilio Dond-Av. Balderas
99,Ernesto Pugibet,Luis Moya,Frente a locales de comercio,Centro,Cuauhtmoc,-99.14591,19.429947,Ernesto Pugibet-Luis Moya
100,20 de Noviembre,Mesones,Frente a Zapateras Len,Centro,Cuauhtmoc,-99.1338,19.428485,20 de Noviembre-Mesones
101,1er. Callejn de Mesones,Mesones,Frente a las Accesorias cerradas.,Centro,Cuauhtmoc,-99.135895,19.428366,1er. Callejn de Mesones-Mesones
102,Echeveste,Bolvar,Calle Jimnez,Centro,Cuauhtmoc,-99.139494,19.428214,Echeveste-Bolvar
104,San Jernimo,Isabel la Catlica,Detrs de Universidad del Claustro de Sor Juana,Centro,Cuauhtmoc,-99.137116,19.427059,San Jernimo-Isabel la Catlica
105,San Jernimo,5 de febrero,Frente a No. 77,Centro,Cuauhtmoc,-99.135014,19.426755,San Jernimo-5 de febrero
106,San Jernimo,Jos Mara Pino Suarez,Frente a Parroquia San Miguel Arcngel,Centro,Cuauhtmoc,-99.133537,19.42649,San Jernimo-Jos Mara Pino Suarez
107,Tolsa,Balderas,Frente a HSBC,Centro,Cuauhtmoc,-99.149971,19.427329,Tolsa-Balderas
108,Tolsa,Balderas,Frente a HSBC,Centro,Cuauhtmoc,-99.149533,19.427305,Tolsa-Balderas
109,Nezahualcyotl,Isabel la Catlica,Frente a edificio de Agua Potable,Centro,Cuauhtmoc,-99.137421,19.425311,Nezahualcyotl-Isabel la Catlica
110,Dr. Valenzuela,Dr. Ro de la Loza,Frente a Ford,Doctores,Cuauhtmoc,-99.143391,19.425126,Dr. Valenzuela-Dr. Ro de la Loza
112,Av. Morelos,Abraham Gonzlez,Frente a edificio Expo Reforma,Jurez,Cuauhtmoc,-99.151734,19.432819,Av. Morelos-Abraham Gonzlez
113,General Prim,Versalles,Frente a Funeraria J. Garca y Restaurant,Jurez,Cuauhtmoc,-99.154419,19.430369,General Prim-Versalles
114,Lucerna,Abraham Gonzlez,Frente a cantina Circulo del Sureste,Jurez,Cuauhtmoc,-99.153618,19.428989,Lucerna-Abraham Gonzlez
115,Roma,Dinamarca,A un costado de Mac«Donals,Jurez,Cuauhtmoc,-99.159698,19.429947,Roma-Dinamarca
116,Londres,Roma,Frente a Sumesa a un costado de Iglesia,Jurez,Cuauhtmoc,-99.15664,19.428985,Londres-Roma
117,Londres,Npoles,Frente a Seven 7,Jurez,Cuauhtmoc,-99.160369,19.427132,Londres-Npoles
118,Liverpool,Dinamarca,Frente a La Vitrola,Jurez,Cuauhtmoc,-99.158251,19.427114,Liverpool-Dinamarca
119,Turn,Abraham Gonzlez,Frente a No.40,Jurez,Cuauhtmoc,-99.155535,19.426785,Turn-Abraham Gonzlez
120,Marsella,Npoles,Frente a No. 51,Jurez,Cuauhtmoc,-99.159458,19.425437,Marsella-Npoles
121,Niza,Chapultepec,Frente a Canchas de usos Mltiples.,Jurez,Cuauhtmoc,-99.161317,19.424137,Niza-Chapultepec
122,Jos Mara Vrtiz,Av. Dr. Ro de la Loza,A un costado de Escuela Libre de Derecho,Doctores,Cuauhtmoc,-99.146337,19.425502,Jos Mara Vrtiz-Av. Dr. Ro de la Loza
123,Claudio Bernard,Dr. Lavista,Frente a distribuidora de Plsticos,Doctores,Cuauhtmoc,-99.153117,19.424161,Claudio Bernard-Dr. Lavista
124,Claudio Bernard,Dr. Liceaga,Frente a estacin Indianilla,Doctores,Cuauhtmoc,-99.150358,19.422392,Claudio Bernard-Dr. Liceaga
125,Morelia,Circular de Morelia,Frente a Plaza Morelia,Roma Norte,Cuauhtmoc,-99.156204,19.424541,Morelia-Circular de Morelia
126,Jalapa,Puebla,Frente a Centro Universitario San çngel,Roma Norte,Cuauhtmoc,-99.162138,19.422288,Jalapa-Puebla
127,Puebla,Mrida,Frente a edificio rojo No.79,Roma Norte,Cuauhtmoc,-99.15833,19.423318,Puebla-Mrida
128,Orizaba,Rio de Janeiro,Frente al Tribunal Agrario,Roma Norte,Cuauhtmoc,-99.160645,19.422148,Orizaba-Rio de Janeiro
129,Tonal,Durango,Frente a casa color amarillo,Roma Norte,Cuauhtmoc,-99.163312,19.4206,Tonal-Durango
130,Mrida,Durango,A un costado de Restaurant Kachis,Roma Norte,Cuauhtmoc,-99.158015,19.421576,Mrida-Durango
131,Colima,Jalapa,Frente a Auditorio Heriberto Castillo Martnez,Roma Norte,Cuauhtmoc,-99.161314,19.419579,Colima-Jalapa
132,Colima,Frontera,Frente a Edificio Marisol,Roma Norte,Cuauhtmoc,-99.15645,19.420667,Colima-Frontera
133,Colima,Morelia,Frente a Tienda Vrtigo,Roma Norte,Cuauhtmoc,-99.154725,19.421138,Colima-Morelia
134,çlvaro Obregn,Orizaba,Frente a Caf Mac«ma,Roma Norte,Cuauhtmoc,-99.15956,19.418304,çlvaro Obregn-Orizaba
135,çlvaro Obregn,Morelia,Frente a Hotel Stanza,Roma Norte,Cuauhtmoc,-99.155099,19.419225,çlvaro Obregn-Morelia
136,çlvaro Obregn,Tonal,Frente a Agencia Renault,Roma Norte,Cuauhtmoc,-99.162729,19.417715,çlvaro Obregn-Tonal
137,çlvaro Obregn,Mrida,Frente a Bsquets Obregn,Roma Norte,Cuauhtmoc,-99.157081,19.418774,çlvaro Obregn-Mrida
138,Guanajuato,Frontera,Frente a nmero 17,Roma Norte,Cuauhtmoc,-99.155313,19.417702,Guanajuato-Frontera
139,Tonal,Guanajuato,Frente a nmero 120,Roma Norte,Cuauhtmoc,-99.162097,19.416128,Tonal-Guanajuato
140,Mrida,Zacatecas,"Frente a la tienda ""People For Bikes""",Roma Norte,Cuauhtmoc,-99.156853,19.416605,Mrida-Zacatecas
141,Zacatecas,Luis Cabrera,A un costado de la Universidad Londres Campus Luis Cabrera,Roma Norte,Cuauhtmoc,-99.15954,19.415905,Zacatecas-Luis Cabrera
142,San Luis Potos,Eje 2 Pte. Monterrey,Frente a estacionamiento Pblico,Roma Norte,Cuauhtmoc,-99.164121,19.413232,San Luis Potos-Eje 2 Pte. Monterrey
143,Crdoba,San Luis Potos,Frente a casa Amarilla,Roma Norte,Cuauhtmoc,-99.157542,19.414303,Crdoba-San Luis Potos
144,Frontera,San Luis Potos,Detrs de Gasolinera,Roma Norte,Cuauhtmoc,-99.154837,19.415192,Frontera-San Luis Potos
145,Eje 2 Sur Yucatn,Chiapas,"Frente a Edificio No. 132, Contra esquina de Gasolinera",Roma Norte,Cuauhtmoc,-99.160661,19.41286,Eje 2 Sur Yucatn-Chiapas
146,Coahuila,Manzanillo,Frente a estacionamiento Pblico,Roma Norte,Cuauhtmoc,-99.165716,19.410737,Coahuila-Manzanillo
147,Coahuila,Orizaba,A un costado de Centro Pare de Sufrir,Roma Norte,Cuauhtmoc,-99.158443,19.412182,Coahuila-Orizaba
148,Coahuila,Av. Cuauhtmoc,Frente a tienda Mendilandia,Roma Norte,Cuauhtmoc,-99.155116,19.412829,Coahuila-Av. Cuauhtmoc
149,Mrida,Antonio Anza,Frente a Centro de Apoyo Socio Jurdico a Victimas del Delito Violento,Roma Norte,Cuauhtmoc,-99.155699,19.41199,Mrida-Antonio Anza
150,Campeche,Medelln,Frente a taquera El Charro,Roma Sur,Cuauhtmoc,-99.164292,19.409965,Campeche-Medelln
151,Campeche,Tonal,Frente al No. 48,Roma Sur,Cuauhtmoc,-99.160873,19.410529,Campeche-Tonal
152,Tlacotalpan,Campeche,Detrs de la renta de Vestidos de Noche.,Roma Sur,Cuauhtmoc,-99.167181,19.409098,Tlacotalpan-Campeche
153,Manzanillo,Tlaxcala,A un costado del hospital trinidad,Roma Sur,Cuauhtmoc,-99.165141,19.407468,Manzanillo-Tlaxcala
154,Tuxpan,Tlaxcala,Frente a îptica Rochester,Roma Sur,Cuauhtmoc,-99.167962,19.406683,Tuxpan-Tlaxcala
155,Jalapa,Tlaxcala,Frente a entrada de Deportivo,Roma Sur,Cuauhtmoc,-99.159911,19.408218,Jalapa-Tlaxcala
156,Tepic,Amenalco,frente a Edificio No. 40,Roma Sur,Cuauhtmoc,-99.162171,19.407124,Tepic-Amenalco
157,Tepic,Tlacotalpan,Frente a caf Carretino,Roma Sur,Cuauhtmoc,-99.166616,19.406236,Tepic-Tlacotalpan
158,Huatabampo,Eje 1 Pte. Av. Cuauhtmoc,Frente a entrada del Metro centro Mdico,Roma Sur,Cuauhtmoc,-99.155541,19.407507,Huatabampo-Eje 1 Pte. Av. Cuauhtmoc
159,Huatabampo,Eje 1 Pte. Av. Cuauhtmoc,Frente a entrada del Metro Centro Mdico,Roma Sur,Cuauhtmoc,-99.155373,19.407517,Huatabampo-Eje 1 Pte. Av. Cuauhtmoc
160,Alfonso Herrera,Gabino Barreda,Frente al numero 81,San Rafael,Cuauhtmoc,-99.163455,19.440252,Alfonso Herrera-Gabino Barreda
161,Quintana Roo,Manzanillo,Frente al nmero 35,Roma Sur,Cuauhtmoc,-99.164913,19.405533,Quintana Roo-Manzanillo
162,Tehuantepec,Medelln,Frente al numero 132,Roma Sur,Cuauhtmoc,-99.162485,19.404907,Tehuantepec-Medelln
163,Toluca,Bajo,A un costado de Edificio,Roma Sur,Cuauhtmoc,-99.15643,19.405246,Toluca-Bajo
164,Bajo,Tlacotalpan,A un costado de SUMESA,Roma Sur,Cuauhtmoc,-99.16596,19.403204,Bajo-Tlacotalpan
165,Bajo,Eje 2 Pte. Monterrey,Frente a Restaurant ROMA,Roma Sur,Cuauhtmoc,-99.160503,19.404268,Bajo-Eje 2 Pte. Monterrey
166,Progreso,Cda. Antonio Maceo,Frente al Escritorio Pblico Santa F,Escandn,Miguel Hidalgo,-99.183549,19.406069,Progreso-Cda. Antonio Maceo
167,General Salvador Alvarado,Progreso,Frente a Papelera,Escandn,Miguel Hidalgo,-99.179375,19.404651,General Salvador Alvarado-Progreso
168,Comercio,Progreso,Al lado del Jardn Morelos,Escandn,Miguel Hidalgo,-99.1776,19.403997,Comercio-Progreso
169,Prosperidad,Progreso,Frente a INCOMEX,Escandn,Miguel Hidalgo,-99.174934,19.403019,Prosperidad-Progreso
170,Observatorio Oriente,Revolucin,A un costado del Hotel Ermita,Escandn,Miguel Hidalgo,-99.184342,19.404029,Observatorio Oriente-Revolucin
171,Comercio,Jos Mart,Frente a Farmacia Similares,Escandn,Miguel Hidalgo,-99.10416,19.24908,Comercio-Jos Mart
172,General Francisco Murgua,Jos Mart,Frente al No. 18,Escandn,Miguel Hidalgo,-99.181553,19.403365,General Francisco Murgua-Jos Mart
173,Minera,Jos Mart,Frente a rosticera Pollos de Jalisco,Escandn,Miguel Hidalgo,-99.176398,19.401682,Minera-Jos Mart
174,Joaqun Garca,Ignacio Manuel Altamirano,Frente al numero 39,San Rafael,Cuauhtmoc,-99.161636,19.441114,Joaqun Garca-Ignacio Manuel Altamirano
175,Mutualismo,Jos Mart,Frente a locales de comida,Escandn,Miguel Hidalgo,-99.172645,19.400806,Mutualismo-Jos Mart
176,Benjamn Hill,Maestro Jos Vasconcelos,Frente a estacionamiento,Hipdromo Condesa,Cuauhtmoc,-99.183086,19.40923,Benjamn Hill-Maestro Jos Vasconcelos
177,Benjamn Hill,Carlos Zetina,A un costado de la Escuela Secundaria Tcnica no.8,Hipdromo Condesa,Cuauhtmoc,-99.181692,19.408841,Benjamn Hill-Carlos Zetina
178,Tamaulipas,Francisco Murgua,Frente a edificio de color amarillo,Hipdromo Condesa,Cuauhtmoc,-99.180457,19.406833,Tamaulipas-Francisco Murgua
179,Nuevo. Len,Quintana Roo,Frente a Saln Sol,Hipdromo,Cuauhtmoc,-99.171438,19.404452,Nuevo. Len-Quintana Roo
180,Quintana Roo,Villa Hermosa,Frente a estacionamiento de SAGARPA,Hipdromo,Cuauhtmoc,-99.169953,19.404554,Quintana Roo-Villa Hermosa
181,Benjamn Franklin,Saltillo,Frente al nmero 173,Hipdromo,Cuauhtmoc,-99.175095,19.404976,Benjamn Franklin-Saltillo
182,Nuevo. Len,Insurgentes Sur,Frente a Gasolinera,Hipdromo,Cuauhtmoc,-99.170466,19.400665,Nuevo. Len-Insurgentes Sur
183,Gabino Barrera,Guillermo Prieto,Frente al numero 89,San Rafael,Cuauhtmoc,-99.164018,19.437665,Gabino Barrera-Guillermo Prieto
184,General Gmez Pedraza,Gobernador Tiburcio Montiel,Frente a No. 72,San Miguel Chapultepec,Miguel Hidalgo,-99.185083,19.414793,General Gmez Pedraza-Gobernador Tiburcio Montiel
185,General Antonio Len,Gral. Pedro Antonio de los Santos,Frente al No. 18,San Miguel Chapultepec,Miguel Hidalgo,-99.182805,19.412776,General Antonio Len-Gral. Pedro Antonio de los Santos
186,Gregorio V. Gelati,Francisco Molinos del C.,Frente al No. 78 Brunchdeli,San Miguel Chapultepec,Miguel Hidalgo,-99.188751,19.412489,Gregorio V. Gelati-Francisco Molinos del C.
187,General Cano,Gobernador Gregorio V. Gelati,A un costado del 7 Eleven,San Miguel Chapultepec,Miguel Hidalgo,-99.185514,19.411227,General Cano-Gobernador Gregorio V. Gelati
188,Gobernador Melchor Mzquiz,Gobernador Ignacio Esteva,"Frente a Abarrotes ""Don Pedro""",San Miguel Chapultepec,Miguel Hidalgo,-99.190139,19.411711,Gobernador Melchor Mzquiz-Gobernador Ignacio Esteva
189,Gobernador Rafael Rebollar,Gobernador Jos Ceballos,Frente a Tintorera,San Miguel Chapultepec,Miguel Hidalgo,-99.187978,19.410036,Gobernador Rafael Rebollar-Gobernador Jos Ceballos
190,General Jos Moran,Maestro Jos Vasconcelos,Frente al No. 16,San Miguel Chapultepec,Miguel Hidalgo,-99.18432,19.409421,General Jos Moran-Maestro Jos Vasconcelos
191,Gobernador Rafael Rebollar,Gobernado Vicente Eguia,Frente a Estacionamiento,San Miguel Chapultepec,Miguel Hidalgo,-99.187953,19.407904,Gobernador Rafael Rebollar-Gobernado Vicente Eguia
192,Rubn Daro,Reforma,Dentro de Parque,Bosque de Chapultepec,Miguel Hidalgo,-99.190755,19.42592,Rubn Daro-Reforma
193,Rubn Daro,Reforma,Dentro de Parque,Bosque de Chapultepec,Miguel Hidalgo,-99.190733,19.425907,Rubn Daro-Reforma
194,Circuito Mahatma Gandhi,Av. Paseo de la Reforma,Frente a parque de la amistad,Bosque de Chapultepec,Miguel Hidalgo,-99.180334,19.424282,Circuito Mahatma Gandhi-Av. Paseo de la Reforma
195,Paseo de la Reforma,Mahatma Gandhi,Frente a Museo de Antropologa,Bosque de Chapultepec,Miguel Hidalgo,-99.185181,19.424858,Paseo de la Reforma-Mahatma Gandhi
196,Lago Tanganica,Av. Ejrcito Nacional,A un costado de SAM«s Club,Polanco,Miguel Hidalgo,-99.192904,19.438349,Lago Tanganica-Av. Ejrcito Nacional
197,Miguel de Cervantes Saavedra,Ferrocarril de Cuernavaca,Detrs de General Motors,Ampliacin Granada,Miguel Hidalgo,-99.204316,19.440077,Miguel de Cervantes Saavedra-Ferrocarril de Cuernavaca
198,Scrates,Av. Ejrcito Nacional,Frente al No. 104,Polanco,Miguel Hidalgo,-99.203888,19.438168,Scrates-Av. Ejrcito Nacional
199,Anatole France,Av. Ejrcito Nacional,Frente a agencia SEAT,Polanco,Miguel Hidalgo,-99.197241,19.437934,Anatole France-Av. Ejrcito Nacional
200,Emerson,Av. Ejrcito Nacional,Frente a tacos Dos caminos,Polanco,Miguel Hidalgo,-99.188785,19.437596,Emerson-Av. Ejrcito Nacional
201,Lope de Vega,Ejercito Nacional,A un costado del edificio que esta junto al No. 107,Polanco,Miguel Hidalgo,-99.187215,19.437431,Lope de Vega-Ejercito Nacional
202,Caldern de la Barca,Av. Homero,Frente al No. 306,Polanco,Miguel Hidalgo,-99.198943,19.43617,Caldern de la Barca-Av. Homero
203,Tennyson,Av. Homero,Frente al No. 308,Polanco,Miguel Hidalgo,-99.194832,19.435985,Tennyson-Av. Homero
204,Temistocles,Homero,A un costado de Peditrico,Polanco,Miguel Hidalgo,-99.19152,19.435882,Temistocles-Homero
205,Taine,Homero,A un costado de Secretaria de Salud,Polanco,Miguel Hidalgo,-99.184713,19.435525,Taine-Homero
206,Moliere,Av. Homero,Frente a Palacio de Hierro,Polanco,Miguel Hidalgo,-99.201419,19.435798,Moliere-Av. Homero
207,Tasso,Homero,Atrs de la base de taxis,Polanco,Miguel Hidalgo,-99.183322,19.434861,Tasso-Homero
208,Hesiodo,Lamartine,Atrs del Superama,Polanco,Miguel Hidalgo,-99.189835,19.434182,Hesiodo-Lamartine
209,Soln,Horacio,A un costado de Anuncios de publicidad,Polanco,Miguel Hidalgo,-99.206359,19.435478,Soln-Horacio
210,Eugenio Sue,Horacio,Junto al No. 208-A,Polanco,Miguel Hidalgo,-99.194091,19.434076,Eugenio Sue-Horacio
211,Newton,Horacio,Tintorera Supreme,Polanco,Miguel Hidalgo,-99.188528,19.433607,Newton-Horacio
212,Hegel,Horacio,A un costado del Parque,Polanco,Miguel Hidalgo,-99.188096,19.433567,Hegel-Horacio
213,Av. Horacio,FFCC Cuernavaca,Frente al No. 1550,Polanco,Miguel Hidalgo,-99.206967,19.435197,Av. Horacio-FFCC Cuernavaca
214,Platn,Horacio,Frente a Departamentos,Polanco,Miguel Hidalgo,-99.20322,19.434353,Platn-Horacio
215,Edgar Alan Poe,Horacio,A un costado del No. 1114,Polanco,Miguel Hidalgo,-99.19968,19.43384,Edgar Alan Poe-Horacio
216,Alejandro Dumas,Horacio,Junto al No. 164,Polanco,Miguel Hidalgo,-99.195746,19.433419,Alejandro Dumas-Horacio
217,Euler,Av. Horacio,Muebles Frey,Polanco,Miguel Hidalgo,-99.183605,19.432888,Euler-Av. Horacio
218,Hegel,Ibarbourou,Junto a Parque,Polanco,Miguel Hidalgo,-99.188033,19.432451,Hegel-Ibarbourou
219,Esopo,FF de Cuernavaca,Frente al parque,Polanco,Miguel Hidalgo,-99.207808,19.433542,Esopo-FF de Cuernavaca
220,Plino,Presidente Masarik,A un costado de Casa color rojo,Polanco,Miguel Hidalgo,-99.205727,19.432655,Plino-Presidente Masarik
221,Emilio Castelar,Presidente Masarik,Junto a Tienda Louis Vuiton,Polanco,Miguel Hidalgo,-99.201565,19.431799,Emilio Castelar-Presidente Masarik
222,Alejandro Dumas,Presidente Masarik,Frente a Regina Romero,Polanco,Miguel Hidalgo,-99.195774,19.431417,Alejandro Dumas-Presidente Masarik
223,Newton,Presidente Masarik,Junto a Restaurant de pizzas,Polanco,Miguel Hidalgo,-99.191613,19.431242,Newton-Presidente Masarik
224,Hegel,Presidente Masaryk,Frente a Restaurante Bar Espaol,Polanco,Miguel Hidalgo,-99.188065,19.431255,Hegel-Presidente Masaryk
225,Petrarca,Presidente Masaryk,Frente a Club Med,Polanco,Miguel Hidalgo,-99.185612,19.431172,Petrarca-Presidente Masaryk
226,Wallon,Presidente Masarik,Frente a la Plaza del taco,Polanco,Miguel Hidalgo,-99.18222,19.431033,Wallon-Presidente Masarik
227,Campos Elseos,Perifrico,"Frente a la Honda, junto a conservatorio",Polanco,Miguel Hidalgo,-99.207373,19.431791,Campos Elseos-Perifrico
228,Campos Elseos,Juan de Lafountaine,Frente al 231,Polanco,Miguel Hidalgo,-99.19912,19.427705,Campos Elseos-Juan de Lafountaine
229,Dickens,Seneca,Frente a OXXO,Polanco,Miguel Hidalgo,-99.203331,19.430515,Dickens-Seneca
230,Edgar Alan Poe,Dickens,Frente al Reloj,Polanco,Miguel Hidalgo,-99.200074,19.430098,Edgar Alan Poe-Dickens
231,Newton,Aristteles,Junto al HSBC,Polanco,Miguel Hidalgo,-99.19349,19.42977,Newton-Aristteles
232,Hiplito Taine,Ruben Dario,A un costado de Oficinas de Bancomer,Polanco,Miguel Hidalgo,-99.185389,19.42894,Hiplito Taine-Ruben Dario
233,Julio Verne,Luis G. Urbina,Frente a monumento Martin Luther king,Polanco,Miguel Hidalgo,-99.196965,19.429314,Julio Verne-Luis G. Urbina
234,Tres Picos,Arqumedes,Frente a No. 15,Polanco,Miguel Hidalgo,-99.191539,19.42783,Tres Picos-Arqumedes
235,Campos Elseos,Moliere,Frente a Parque,Polanco,Miguel Hidalgo,-99.202181,19.429332,Campos Elseos-Moliere
236,Campos Elseos,Moliere,Frente a Parque,Polanco,Miguel Hidalgo,-99.20243,19.429436,Campos Elseos-Moliere
237,Andrs Bello,Elliot,Frente a Hotel Presidente,Polanco,Miguel Hidalgo,-99.193986,19.426744,Andrs Bello-Elliot
238,Andrs Bello,Elliot,Frente al Hotel Presidente,Polanco,Miguel Hidalgo,-99.193752,19.426765,Andrs Bello-Elliot
239,Rincn del bosque,Ruben Dario,Frente a casa con enredadera,Polanco,Miguel Hidalgo,-99.181355,19.430153,Rincn del bosque-Ruben Dario
240,Ejercito Nacional,F.C. de Cuernavaca,Dentro de camelln,Polanco,Miguel Hidalgo,-99.206298,19.438551,Ejercito Nacional-F.C. de Cuernavaca
241,Ejercito Nacional,Juan Vzquez de la Mella,Dentro de camelln,Polanco,Miguel Hidalgo,-99.207577,19.438616,Ejercito Nacional-Juan Vzquez de la Mella
242,Miguel de Cervantes Saavedra,Prl. Moliere,Frente a jardineras de concreto,Granada,Miguel Hidalgo,-99.20105,19.440344,Miguel de Cervantes Saavedra-Prl. Moliere
243,Miguel de Cervantes Saavedra,Lago Filt,Frente al Sanatorio Espaol,Granada,Miguel Hidalgo,-99.196712,19.440839,Miguel de Cervantes Saavedra-Lago Filt
244,Miguel de Cervantes Saavedra,Lago Victoria,Frente a la îptica Devlyn,Granada,Miguel Hidalgo,-99.193315,19.440885,Miguel de Cervantes Saavedra-Lago Victoria
245,Lago Onega,Av. Ejercito Nacional,Frente a Bancomer,Granada,Miguel Hidalgo,-99.190368,19.438165,Lago Onega-Av. Ejercito Nacional
246,Leibnitz,Thiers,Frente al No. 241,Anzures,Miguel Hidalgo,-99.179835,19.434147,Leibnitz-Thiers
247,Herschel,Rousseau,Atrs de casa Azul,Anzures,Miguel Hidalgo,-99.180565,19.432102,Herschel-Rousseau
248,Shakespeare,Lafayette,Del lado contrario al Modulo de Seguridad Pblica,Anzures,Miguel Hidalgo,-99.177399,19.43175,Shakespeare-Lafayette
249,Shakespeare,Darwin,Frente a fachada Gris,Anzures,Miguel Hidalgo,-99.177569,19.429877,Shakespeare-Darwin
250,Darwin,Mariano Escobedo,Frente a Seven 7,Anzures,Miguel Hidalgo,-99.17966,19.429057,Darwin-Mariano Escobedo
251,Goethe,Darwin,Frente a Dryclean USA,Anzures,Miguel Hidalgo,-99.17538,19.429261,Goethe-Darwin
252,Vctor Hugo,Shakespeare,Frente a jardinera,Anzures,Miguel Hidalgo,-99.17702,19.427575,Vctor Hugo-Shakespeare
253,Dante,Tolstoi,Frente al Estacionamiento No. 13,Anzures,Miguel Hidalgo,-99.177924,19.425835,Dante-Tolstoi
254,Alfonso Herrera,Miguel Schultz,Atrs de Escuela,San Rafael,Cuauhtmoc,-99.160074,19.439347,Alfonso Herrera-Miguel Schultz
255,Jose Rosas Moreno,Guillermo Prieto,Frente del Minisper Dorado,San Rafael,Cuauhtmoc,-99.165099,19.43788,Jose Rosas Moreno-Guillermo Prieto
256,Gmez Faras,Sadi Carnot,Frente a la UVM,San Rafael,Cuauhtmoc,-99.158313,19.437167,Gmez Faras-Sadi Carnot
257,Manuel Maria Contreras,Villalongn,A un costado de Concamin,San Rafael,Cuauhtmoc,-99.166223,19.433803,Manuel Maria Contreras-Villalongn
259,Toms Alva Edison,Ponciano Arriaga,Frente a Hotel Edison,Tabacalera,Cuauhtmoc,-99.15468,19.437569,Toms Alva Edison-Ponciano Arriaga
260,Donato Guerra,Humboldt,Frente al Centro Comercial de China,Centro,Cuauhtmoc,-99.14857,19.433013,Donato Guerra-Humboldt
261,Paseo de la Reforma,Ro Rdano,Frente a Torre Mayor,Cuauhtmoc,Cuauhtmoc,-99.175196,19.423704,Paseo de la Reforma-Ro Rdano
262,Republica de Cuba,Republica de Brasil,Frente a Plaza Santo Domingo,Centro,Cuauhtmoc,-99.133952,19.436931,Republica de Cuba-Republica de Brasil
267,Circuito Interior,Juan Escutia,Bajo el puente de Circuito,Condesa,Cuauhtmoc,-99.179143,19.416727,Circuito Interior-Juan Escutia
268,Carlos J. Meneses,Av. Jess Garca,A un costado de Wal-Mart,Buenavista,Cuauhtmoc,-99.153082,19.444272,Carlos J. Meneses-Av. Jess Garca
269,Av. Jess Garca,Carlos J. Meneses,A un costado del Deportivo Cuauhtmoc,Buenavista,Cuauhtmoc,-99.152187,19.444031,Av. Jess Garca-Carlos J. Meneses
270,Carlos J. Meneses,Av. Jess Garca,A un costado de Wal-Mart,Buenavista,Cuauhtmoc,-99.15264,19.444199,Carlos J. Meneses-Av. Jess Garca
271,Carlos J. Meneses,Av. Jess Garca,A un costado de Wal-Mart,Buenavista,Cuauhtmoc,-99.152894,19.444244,Carlos J. Meneses-Av. Jess Garca
272,Jess Garca,Hroes Ferrocarrileros,Frente a Delegacin Cuauhtmoc,Buenavista,Cuauhtmoc,-99.152265,19.440839,Jess Garca-Hroes Ferrocarrileros
273,Jess Garca,H. Ferrocarrileros,A un costado del CEN del PRI,Buenavista,Cuauhtmoc,-99.152935,19.440985,Jess Garca-H. Ferrocarrileros
274,Sadi Carnot,Gmez Faras,Frente a UVM,San Rafael,Cuauhtmoc,-99.158425,19.436274,Sadi Carnot-Gmez Faras
275,De La Repblica,Ponciano Arriaga,Frente al Frontn Mxico,Tabacalera,Cuauhtmoc,-99.153865,19.436764,De La Repblica-Ponciano Arriaga
